	page #	brand	url	product	price
0	1	New Balance	https://catalog.hkstore.com/catalog_tc_hk/men/new-balance-112ct302lc	CT 302	$899
1	1	New Balance	https://catalog.hkstore.com/catalog_tc_hk/men/new-balance-112ms327cwb	327	$839
2	1	New Balance	https://catalog.hkstore.com/catalog_tc_hk/men/new-balance-112mr530rs	530	$799
3	1	Catalog Men	https://catalog.hkstore.com/catalog_tc_hk/men/catalog-men-2cnawf22mb21ch	暗袋風褸	$899
4	1	Catalog Men	https://catalog.hkstore.com/catalog_tc_hk/men/catalog-men-2cnawf22mb21kh	暗袋風褸	$899
5	1	Vans	https://catalog.hkstore.com/catalog_tc_hk/men/vans-105vn0a7q5eba2	Old Skool Overt CC (Black/White)	$790
6	1	Catalog Men	https://catalog.hkstore.com/catalog_tc_hk/men/catalog-men-2cnyuf22mb18dp	熊仔頭衛衣	$559
7	1	Catalog Men	https://catalog.hkstore.com/catalog_tc_hk/men/catalog-men-2cnyuf22mb18iv	熊仔頭衛衣	$559
8	1	Catalog Men	https://catalog.hkstore.com/catalog_tc_hk/men/catalog-men-2cnyuf22mb18kh	熊仔頭衛衣	$559
9	1	Adidas	https://catalog.hkstore.com/catalog_tc_hk/men/adidas-108gx-8	Stan Smith	$899
10	1	Adidas	https://catalog.hkstore.com/catalog_tc_hk/men/adidas-108hq6460	Retropy E5	$999
11	1	Catalog Men	https://catalog.hkstore.com/catalog_tc_hk/men/catalog-men-2cnyuf22mb18bn	熊仔頭衛衣	$559
12	1	Adidas	https://catalog.hkstore.com/catalog_tc_hk/men/adidas-108hr1481	Puffylette	$599
13	1	Catalog Men	https://catalog.hkstore.com/catalog_tc_hk/men/catalog-men-2cnyuf22mb18ag	熊仔頭衛衣	$559
14	1	Catalog Men	https://catalog.hkstore.com/catalog_tc_hk/men/catalog-men-2cnyuf22mb18ny	熊仔頭衛衣	$559
15	1	PUMA	https://catalog.hkstore.com/catalog_tc_hk/men/puma-1pu38494508	Scuff	$259
16	1	Hoka	https://catalog.hkstore.com/catalog_tc_hk/men/hoka-1hk1123202bblc	Bondi 8	$1,380
17	1	Keen	https://catalog.hkstore.com/catalog_tc_hk/men/keen-1kn1026586	Uneek SNK Sneaker	$1,090
18	1	Keen	https://catalog.hkstore.com/catalog_tc_hk/men/keen-1kn1026866	Uneek	$990
19	1	Keen	https://catalog.hkstore.com/catalog_tc_hk/men/keen-1kn1026587	Uneek SNK Sneaker	$1,090
20	1	New Balance	https://catalog.hkstore.com/catalog_tc_hk/men/new-balance-112ct302rb	CT 302	$899
21	1	Adidas	https://catalog.hkstore.com/catalog_tc_hk/men/adidas-108gz4836	Superstar 82	$1,099
22	1	New Balance	https://catalog.hkstore.com/catalog_tc_hk/men/new-balance-112u574re2	574	$679
23	1	Adidas	https://catalog.hkstore.com/catalog_tc_hk/men/adidas-108gw5473	Retropy F2	$799
24	2	Catalog Men	https://catalog.hkstore.com/catalog_tc_hk/men/catalog-men-2cnyuf22mb06ch	紮染有帽衛衣	$559
25	2	Catalog Men	https://catalog.hkstore.com/catalog_tc_hk/men/catalog-men-2cnyuf22mb06de	紮染有帽衛衣	$559
26	2	Catalog Men	https://catalog.hkstore.com/catalog_tc_hk/men/catalog-men-2cnyuf22mb06lc	紮染有帽衛衣	$559
27	2	Catalog Men	https://catalog.hkstore.com/catalog_tc_hk/men/catalog-men-2cnyuf22mb06te	紮染有帽衛衣	$559
28	2	Hoka	https://catalog.hkstore.com/catalog_tc_hk/men/hoka-1hk-9393essn	Clifton 8	$1,280
29	2	New Balance	https://catalog.hkstore.com/catalog_tc_hk/men/new-balance-112m5740psg	5740	$999
30	2	Catalog Men	https://catalog.hkstore.com/catalog_tc_hk/men/catalog-men-2cnbxf22mb34bk	暗袋風褸	$899
31	2	Catalog Men	https://catalog.hkstore.com/catalog_tc_hk/men/catalog-men-2cnbxf22mb34kh	暗袋風褸	$899
32	2	New Balance	https://catalog.hkstore.com/catalog_tc_hk/men/new-balance-112mt410ks5	410v5	$599
33	2	Vans	https://catalog.hkstore.com/catalog_tc_hk/men/vans-105vn0a5kx51re	Era (Pig Suede Tortoise Shel)	$550
34	2	Catalog Men	https://catalog.hkstore.com/catalog_tc_hk/men/catalog-men-2cnyhf22mb05bk	貼布衫仔有帽衛衣	$559
35	2	Catalog Men	https://catalog.hkstore.com/catalog_tc_hk/men/catalog-men-2cnyhf22mb05cm	貼布衫仔有帽衛衣	$559
36	2	Catalog Men	https://catalog.hkstore.com/catalog_tc_hk/men/catalog-men-2cnyhf22mb19cm	連袋仔衛衣	$559
37	2	Catalog Men	https://catalog.hkstore.com/catalog_tc_hk/men/catalog-men-2cnyhf22mb05ln	貼布衫仔有帽衛衣	$559
38	2	Catalog Men	https://catalog.hkstore.com/catalog_tc_hk/men/catalog-men-2cnyhf22mb19bk	連袋仔衛衣	$559
39	2	Vans	https://catalog.hkstore.com/catalog_tc_hk/men/vans-105vn0a5jmi1re	Old Skool (Pig Suede Tortois)	$650
40	2	Catalog Men	https://catalog.hkstore.com/catalog_tc_hk/men/catalog-men-2cnyhf22mb05bn	貼布衫仔有帽衛衣	$559
41	2	Catalog Men	https://catalog.hkstore.com/catalog_tc_hk/men/catalog-men-2cnyhf22mb05dp	貼布衫仔有帽衛衣	$559
42	2	Adidas	https://catalog.hkstore.com/catalog_tc_hk/men/adidas-108hp5587	Adidas x Disney Cruella Stan Smith	$999
43	2	New Balance	https://catalog.hkstore.com/catalog_tc_hk/men/new-balance-112uxc72cb	XC-72	$999
44	2	New Balance	https://catalog.hkstore.com/catalog_tc_hk/men/new-balance-112uxc72ca	XC-72	$999
45	2	New Balance	https://catalog.hkstore.com/catalog_tc_hk/men/new-balance-112m2002rhp	2002R	$1,199
46	2	New Balance	https://catalog.hkstore.com/catalog_tc_hk/men/new-balance-112m2002rhq	2002R	$1,199
47	2	New Balance	https://catalog.hkstore.com/catalog_tc_hk/men/new-balance-112m2002rhs	2002R	$1,199
48	3	Catalog Men	https://catalog.hkstore.com/catalog_tc_hk/men/catalog-men-2cnbxf22mb36ag	Essential 側袋長褲	$599
49	3	Catalog Men	https://catalog.hkstore.com/catalog_tc_hk/men/catalog-men-2cnbxf22mb42bk	側袋長褲	$629
50	3	Catalog Men	https://catalog.hkstore.com/catalog_tc_hk/men/catalog-men-2cnbxf22mb42gy	側袋長褲	$629
51	3	Catalog Men	https://catalog.hkstore.com/catalog_tc_hk/men/catalog-men-2cnbxf22mb36ny	Essential 側袋長褲	$599
52	3	New Balance	https://catalog.hkstore.com/catalog_tc_hk/men/new-balance-112ms327dt	327	$899
53	3	Catalog Men	https://catalog.hkstore.com/catalog_tc_hk/men/catalog-men-2cnbxf22mb36bn	Essential 側袋長褲	$599
54	3	New Balance	https://catalog.hkstore.com/catalog_tc_hk/men/new-balance-112bb550pwc	BB550	$999
55	3	New Balance	https://catalog.hkstore.com/catalog_tc_hk/men/new-balance-112bb550pwa	BB550	$999
56	3	Hoka	https://catalog.hkstore.com/catalog_tc_hk/men/hoka-1hk1134150segg	Ora Luxe Slide	$820
57	3	Hoka	https://catalog.hkstore.com/catalog_tc_hk/men/hoka-1hk1122571eegg	Clifton L Suede	$1,500
58	3	Hoka	https://catalog.hkstore.com/catalog_tc_hk/men/hoka-1hk1134527lmel	Ora Recovery Slide	$580
59	3	Catalog Men	https://catalog.hkstore.com/catalog_tc_hk/men/catalog-men-2cnwgf22mb29id	牛仔和服外套	$799
60	3	New Balance	https://catalog.hkstore.com/catalog_tc_hk/men/new-balance-112ms327cgw	327	$839
61	3	New Balance	https://catalog.hkstore.com/catalog_tc_hk/men/new-balance-112u574wr2	574	$799
62	3	New Balance	https://catalog.hkstore.com/catalog_tc_hk/men/new-balance-112u574ht2	574	$799
63	3	Adidas	https://catalog.hkstore.com/catalog_tc_hk/men/adidas-108hp5501	Superstar	$899
64	3	PLASTIC THING X CATALOG系列	https://catalog.hkstore.com/catalog_tc_hk/men/plastic-thing-x-catalog-4pjwpf22pa12bk	Plastic Thing 為食妹長筒襪	$49
65	3	PLASTIC THING X CATALOG系列	https://catalog.hkstore.com/catalog_tc_hk/men/plastic-thing-x-catalog-4pjwpf22pa14wt	Plastic Thing 光頭仔長筒襪	$49
66	3	PLASTIC THING X CATALOG系列	https://catalog.hkstore.com/catalog_tc_hk/men/plastic-thing-x-catalog-4pjwpf22pa15or	Plastic Thing 為食妹隱形襪	$49
67	3	Catalog Men	https://catalog.hkstore.com/catalog_tc_hk/men/catalog-men-2cnawf22mb47ny	口袋裇衫	$559
68	3	PLASTIC THING X CATALOG系列	https://catalog.hkstore.com/catalog_tc_hk/men/plastic-thing-x-catalog-4pjwpf22pa16bk	Plastic Thing Puffy 隱形襪	$49
69	3	Catalog Men	https://catalog.hkstore.com/catalog_tc_hk/men/catalog-men-2cnawf22mb48ag	尼龍口袋長袖TEE	$499
70	3	Catalog Men	https://catalog.hkstore.com/catalog_tc_hk/men/catalog-men-2cnawf22mb48bk	尼龍口袋長袖TEE	$499
71	3	PLASTIC THING X CATALOG系列	https://catalog.hkstore.com/catalog_tc_hk/men/plastic-thing-x-catalog-4pjwpf22pa13pn	Plastic Thing 女神長筒襪	$49
