Col_Rank,Col_Player,Col_College,Col_Yrs,Col_Game,Col_Minutes_Played,Col_Points,Col_Total_Rebounds,Col_Assists,Col_Field_Goal_Percentage,Col_Three_Pt_Percentage,Col_Free_Throw_Percentage
1,Andrew Wiggins,Kansas,8,598,20935,11519,2649,1393,0.448,0.350,0.723
2,Jabari Parker,Duke,8,310,8535,4380,1703,610,0.494,0.326,0.743
3,Joel Embiid,Kansas,6,328,10240,8535,3732,1080,0.490,0.338,0.810
4,Aaron Gordon,Arizona,8,528,15277,6887,3310,1313,0.460,0.323,0.702
6,Marcus Smart,Oklahoma State,8,520,15484,5438,1867,2318,0.382,0.321,0.780
7,Julius Randle,Kentucky,8,518,16145,9191,4814,1842,0.472,0.332,0.743
8,Nik Stauskas,Michigan,6,343,6701,2290,691,515,0.389,0.354,0.812
9,Noah Vonleh,Indiana,7,339,5683,1660,1742,257,0.459,0.308,0.691
10,Elfrid Payton,Louisiana,8,500,13383,5036,2007,2868,0.447,0.287,0.623
11,Doug McDermott,Creighton,8,527,11012,4846,1236,496,0.476,0.409,0.820
13,Zach LaVine,UCLA,8,478,15219,9466,1876,1860,0.461,0.386,0.830
14,T.J. Warren,NC State,7,332,9553,5142,1372,397,0.507,0.357,0.780
15,Adreian Payne,Michigan State,4,107,1403,429,315,66,0.406,0.254,0.680
17,James Young,Kentucky,4,95,812,219,96,28,0.367,0.277,0.563
18,Tyler Ennis,Syracuse,4,186,2336,779,250,359,0.419,0.317,0.768
19,Gary Harris,Michigan State,8,468,13473,5526,1162,965,0.448,0.363,0.812
21,Mitch McGary,Michigan,2,52,557,227,183,17,0.527,0.000,0.580
22,Jordan Adams,UCLA,2,32,263,101,30,19,0.402,0.385,0.607
23,Rodney Hood,Duke,8,448,10977,4656,1160,736,0.420,0.366,0.841
24,Shabazz Napier,UConn,6,345,5986,2433,657,849,0.397,0.345,0.815
26,P.J. Hairston,UNC,2,111,2000,664,266,59,0.343,0.295,0.810
28,C.J. Wilcox,Washington,3,66,376,132,31,30,0.370,0.333,0.813
29,Josh Huestis,Stanford,3,76,1068,187,180,23,0.346,0.312,0.240
30,Kyle Anderson,UCLA,8,505,10583,3366,2220,1167,0.476,0.334,0.711
32,K.J. McDaniels,Clemson,3,148,2092,782,324,95,0.412,0.290,0.776
33,Joe Harris,Virginia,8,414,10601,4584,1344,679,0.483,0.439,0.780
34,Cleanthony Early,Wichita State,2,56,801,241,123,42,0.346,0.263,0.750
36,Johnny O'Bryant,LSU,4,147,1684,509,352,69,0.402,0.360,0.663
38,Spencer Dinwiddie,Colorado,8,387,10206,5042,1167,1933,0.411,0.322,0.791
39,Jerami Grant,Syracuse,8,555,14454,6329,2189,747,0.452,0.349,0.723
40,Glenn Robinson III,Michigan,7,304,5299,1804,776,238,0.457,0.373,0.779
42,Nick Johnson,Arizona,1,28,262,74,39,11,0.347,0.238,0.680
44,Markel Brown,Oklahoma State,3,113,1794,584,234,132,0.380,0.295,0.781
45,Dwight Powell,Stanford,8,511,9720,3926,2349,524,0.585,0.296,0.751
46,Jordan Clarkson,Missouri,8,600,16191,9216,1971,1526,0.439,0.338,0.827
47,Russ Smith,Louisville,2,27,131,53,15,19,0.319,0.188,0.769
48,Lamar Patterson,Pitt,2,40,435,93,57,45,0.326,0.236,0.720
49,Cameron Bairstow,New Mexico,2,36,167,44,36,7,0.296,0.200,0.846
55,Semaj Christon,Xavier,1,64,973,183,87,130,0.345,0.190,0.548
56,Devyn Marble,Iowa,2,44,457,97,69,29,0.304,0.222,0.375
58,Jordan McRae,Tennessee,4,123,1696,846,225,167,0.417,0.355,0.772
60,Cory Jefferson,Baylor,2,58,581,205,161,16,0.444,0.125,0.583
